minute,sex,mean_activity
min1,female,3.7352898917748916
min1,male,4.530101697722567
min10,female,3.2712039826839825
min10,male,4.355655590062112
min100,female,1.8943005411255411
min100,male,2.8701274120082814
min1000,female,13.447825779220778
min1000,male,12.072016687370601
min1001,female,13.466764329004329
min1001,male,12.190247763975155
min1002,female,13.109746082251082
min1002,male,11.726885341614906
min1003,female,13.006192813852813
min1003,male,12.181771407867496
min1004,female,12.806004935064935
min1004,male,11.778276708074534
min1005,female,12.609352186147186
min1005,male,11.54541364389234
min1006,female,12.743250064935065
min1006,male,11.457622422360249
min1007,female,12.433065887445888
min1007,male,11.613000952380952
min1008,female,12.483589805194805
min1008,male,11.65408430641822
min1009,female,12.228183744588744
min1009,male,11.571783830227744
min101,female,2.0294527705627705
min101,male,2.791189068322981
min1010,female,12.448776818181818
min1010,male,11.907012339544513
min1011,female,12.926152467532468
min1011,male,11.415624099378881
min1012,female,12.851919653679653
min1012,male,11.55117281573499
min1013,female,13.078617900432901
min1013,male,11.621090683229813
min1014,female,12.877273549783549
min1014,male,11.593740807453417
min1015,female,12.918294783549783
min1015,male,11.533521801242236
min1016,female,12.817338333333334
min1016,male,11.259566211180124
min1017,female,13.168197056277057
min1017,male,11.755523788819875
min1018,female,13.057003181818182
min1018,male,11.53255784679089
min1019,female,13.09548554112554
min1019,male,11.603282173913044
min102,female,1.8600166233766233
min102,male,2.708258033126294
min1020,female,13.385107532467533
min1020,male,11.623739585921324
min1021,female,13.457174112554112
min1021,male,11.360513933747413
min1022,female,13.46639261904762
min1022,male,11.391778861283644
min1023,female,13.263239372294372
min1023,male,11.658640538302278
min1024,female,13.574941233766234
min1024,male,11.793131904761905
min1025,female,13.479978896103896
min1025,male,11.819145610766046
min1026,female,13.106452597402598
min1026,male,11.875850869565218
min1027,female,13.642447597402597
min1027,male,11.77380016563147
min1028,female,13.056453744588744
min1028,male,11.894466211180124
min1029,female,13.492523246753246
min1029,male,11.632640124223602
min103,female,2.172978658008658
min103,male,2.629211946169772
min1030,female,13.302171428571429
min1030,male,11.624387888198758
min1031,female,13.37639158008658
min1031,male,11.934782960662526
min1032,female,13.503674761904762
min1032,male,12.128735921325053
min1033,female,13.546007489177489
min1033,male,12.136748115942028
min1034,female,13.219448181818182
min1034,male,12.178165507246376
min1035,female,13.309474675324676
min1035,male,12.583313354037267
min1036,female,13.260665865800865
min1036,male,12.350518695652173
min1037,female,13.169851580086581
min1037,male,12.553472608695651
min1038,female,13.28433774891775
min1038,male,12.24490039337474
min1039,female,13.445061125541125
min1039,male,12.166294782608695
min104,female,1.9920817965367965
min104,male,2.8453524016563145
min1040,female,13.498029372294372
min1040,male,11.905092401656315
min1041,female,13.385079696969697
min1041,male,11.791978550724638
min1042,female,13.274372683982683
min1042,male,12.061027246376812
min1043,female,13.238937813852814
min1043,male,12.192502443064182
min1044,female,13.86906287878788
min1044,male,12.111762505175983
min1045,female,13.176527077922078
min1045,male,11.892615320910974
min1046,female,12.90977054112554
min1046,male,11.648341159420289
min1047,female,12.769781147186148
min1047,male,11.900271076604556
min1048,female,12.773755887445887
min1048,male,11.526824409937888
min1049,female,13.46898106060606
min1049,male,11.977944616977226
min105,female,2.003802186147186
min105,male,2.5879633126293995
min1050,female,13.376732922077922
min1050,male,11.97359629399586
min1051,female,13.437524177489177
min1051,male,11.393433664596273
min1052,female,13.574044307359307
min1052,male,11.371079482401656
min1053,female,13.09905015151515
min1053,male,11.532562774327122
min1054,female,12.857722792207792
min1054,male,11.291300248447206
min1055,female,13.03713
min1055,male,11.254870517598343
min1056,female,13.66579119047619
min1056,male,11.187625010351967
min1057,female,13.013298896103896
min1057,male,11.128221573498964
min1058,female,12.896495346320346
min1058,male,11.105992070393375
min1059,female,13.482305844155844
min1059,male,11.071665983436853
min106,female,1.916114826839827
min106,male,2.475372049689441
min1060,female,12.846799393939394
min1060,male,11.382985921325051
min1061,female,13.750200324675324
min1061,male,11.60824685300207
min1062,female,14.053612532467533
min1062,male,11.853875051759834
min1063,female,13.53995567099567
min1063,male,11.473321283643893
min1064,female,13.271412359307359
min1064,male,11.283759751552795
min1065,female,13.182670454545455
min1065,male,11.614247701863354
min1066,female,13.51021183982684
min1066,male,11.417872070393376
min1067,female,13.663535497835499
min1067,male,11.456463995859213
min1068,female,13.486638203463205
min1068,male,11.699325051759834
min1069,female,13.36437145021645
min1069,male,12.03375198757764
min107,female,1.9851340476190475
min107,male,2.559561884057971
min1070,female,13.189376666666666
min1070,male,11.910654389233954
min1071,female,14.02035396103896
min1071,male,11.82264049689441
min1072,female,13.806480714285714
min1072,male,11.805144989648033
min1073,female,13.52232935064935
min1073,male,11.96263486542443
min1074,female,13.419212662337662
min1074,male,12.358852629399586
min1075,female,13.19904393939394
min1075,male,12.003077287784679
min1076,female,13.230720627705628
min1076,male,11.959353664596273
min1077,female,13.019524632034631
min1077,male,11.586583457556936
min1078,female,13.357536623376623
min1078,male,11.262521511387163
min1079,female,13.14217987012987
min1079,male,10.79691635610766
min108,female,1.990850541125541
min108,male,2.636004099378882
min1080,female,13.173113354978355
min1080,male,11.190815942028985
min1081,female,13.121945974025975
min1081,male,11.435161118012422
min1082,female,13.117827186147187
min1082,male,11.511276418219461
min1083,female,13.766552813852813
min1083,male,11.755191614906833
min1084,female,13.877524415584416
min1084,male,11.270659523809524
min1085,female,13.812816666666667
min1085,male,12.02909844720497
min1086,female,13.161935216450216
min1086,male,11.972828364389233
min1087,female,13.169528636363637
min1087,male,11.617186045548655
min1088,female,13.302922489177488
min1088,male,11.326819192546584
min1089,female,13.534665346320347
min1089,male,11.26211519668737
min109,female,1.833077922077922
min109,male,2.5646318426501034
min1090,female,12.90458316017316
min1090,male,11.766915486542443
min1091,female,13.794992683982684
min1091,male,11.658414451345756
min1092,female,13.404535
min1092,male,11.74060579710145
min1093,female,13.844272121212121
min1093,male,11.76602486542443
min1094,female,13.629148225108224
min1094,male,11.545621759834368
min1095,female,13.614846255411255
min1095,male,11.402081511387163
min1096,female,14.315500043290044
min1096,male,11.494596128364389
min1097,female,14.190788463203463
min1097,male,11.83463281573499
min1098,female,13.831404783549784
min1098,male,12.06332917184265
min1099,female,13.986494523809524
min1099,male,11.527534534161491
min11,female,3.7596606926406926
min11,male,4.285460745341615
min110,female,1.9358362987012987
min110,male,2.601463540372671
min1100,female,13.890094134199135
min1100,male,11.764170455486543
min1101,female,13.790498181818181
min1101,male,11.285790144927535
min1102,female,14.147730346320346
min1102,male,11.38038801242236
min1103,female,13.966398463203463
min1103,male,11.610495445134577
min1104,female,13.457574329004329
min1104,male,11.410991532091098
min1105,female,13.199085822510822
min1105,male,11.975191801242236
min1106,female,13.614242467532467
min1106,male,11.872447329192546
min1107,female,13.268560692640692
min1107,male,11.776261366459627
min1108,female,13.479305627705628
min1108,male,11.973964430641821
min1109,female,12.912929155844155
min1109,male,12.210132898550725
min111,female,1.9408022294372294
min111,male,2.4776791925465838
min1110,female,13.303046926406926
min1110,male,12.154684327122153
min1111,female,13.634833116883117
min1111,male,12.608620476190476
min1112,female,13.431082922077922
min1112,male,11.959642774327122
min1113,female,13.0515970995671
min1113,male,11.854898426501036
min1114,female,13.321175822510822
min1114,male,11.577487722567287
min1115,female,13.58536829004329
min1115,male,11.347488157349897
min1116,female,13.336877056277057
min1116,male,11.295927639751554
min1117,female,13.270925670995672
min1117,male,11.033118219461699
min1118,female,13.206328333333333
min1118,male,11.150733498964803
min1119,female,12.985508961038962
min1119,male,11.015201925465838
min112,female,1.927473051948052
min112,male,2.674277971014493
min1120,female,12.638362878787879
min1120,male,11.202629399585922
min1121,female,12.790731515151515
min1121,male,11.775648633540373
min1122,female,12.757489199134199
min1122,male,11.118067826086957
min1123,female,12.771922424242424
min1123,male,10.979907308488613
min1124,female,12.622889372294372
min1124,male,11.34380039337474
min1125,female,13.405972316017316
min1125,male,11.743823167701864
min1126,female,12.82023683982684
min1126,male,11.394073664596274
min1127,female,12.594806147186148
min1127,male,10.964488654244306
min1128,female,12.771264458874459
min1128,male,11.347927060041409
min1129,female,12.922095151515151
min1129,male,11.369040807453416
min113,female,2.0425528138528137
min113,male,2.480978861283644
min1130,female,12.785972142857142
min1130,male,11.28298370600414
min1131,female,12.646288290043291
min1131,male,11.945154824016564
min1132,female,12.899104134199135
min1132,male,12.032894430641822
min1133,female,12.69531761904762
min1133,male,11.94534983436853
min1134,female,12.46014906926407
min1134,male,11.727727991718426
min1135,female,12.749731904761905
min1135,male,11.580829089026915
min1136,female,12.511834285714286
min1136,male,11.340554265010352
min1137,female,12.799470194805195
min1137,male,11.47372155279503
min1138,female,12.509697251082251
min1138,male,11.548239772256728
min1139,female,12.608656082251082
min1139,male,11.075921966873706
min114,female,1.8198136796536797
min114,male,2.371092795031056
min1140,female,12.960121363636363
min1140,male,11.526614265010352
min1141,female,12.877623441558441
min1141,male,11.531217474120083
min1142,female,12.587876818181819
min1142,male,11.604443002070393
min1143,female,12.964605281385282
min1143,male,11.86731016563147
min1144,female,12.708064545454546
min1144,male,12.452741987577639
min1145,female,12.845746255411255
min1145,male,12.147978260869566
min1146,female,12.688164675324675
min1146,male,11.88412231884058
min1147,female,12.566382683982685
min1147,male,11.767653726708074
min1148,female,12.387469567099567
min1148,male,11.769738343685301
min1149,female,12.335982554112555
min1149,male,11.755204679089028
min115,female,2.119657056277056
min115,male,2.3954748033126294
min1150,female,12.211787965367966
min1150,male,11.644057018633541
min1151,female,12.285389393939393
min1151,male,11.56304347826087
min1152,female,12.522346948051949
min1152,male,11.288873519668737
min1153,female,12.836887575757576
min1153,male,11.332487267080745
min1154,female,13.26323038961039
min1154,male,11.855872422360248
min1155,female,13.109481125541125
min1155,male,12.10602602484472
min1156,female,13.27546854978355
min1156,male,11.552939026915114
min1157,female,13.247256515151514
min1157,male,11.471622298136646
min1158,female,12.46656512987013
min1158,male,11.840488322981367
min1159,female,12.478729264069264
min1159,male,11.786178592132504
min116,female,2.2872915800865803
min116,male,2.2348984057971015
min1160,female,12.364041753246754
min1160,male,11.718553043478261
min1161,female,12.307815822510822
min1161,male,11.247591428571429
min1162,female,12.338606883116883
min1162,male,11.852746376811595
min1163,female,12.210805865800866
min1163,male,11.545646625258799
min1164,female,12.307146515151516
min1164,male,11.665354989648034
min1165,female,12.516403398268398
min1165,male,12.281322443064182
min1166,female,12.401511515151515
min1166,male,11.890110579710145
min1167,female,12.52700738095238
min1167,male,11.709184824016562
min1168,female,12.660598138528139
min1168,male,11.55157917184265
min1169,female,12.654581536796536
min1169,male,11.002180910973085
min117,female,2.1260571861471864
min117,male,2.470515486542443
min1170,female,13.136672445887447
min1170,male,11.17759364389234
min1171,female,12.848147142857144
min1171,male,11.073432919254659
min1172,female,12.969026125541125
min1172,male,11.40562602484472
min1173,female,12.550624393939394
min1173,male,11.139336480331263
min1174,female,12.552256212121213
min1174,male,11.33589761904762
min1175,female,12.762825086580087
min1175,male,11.80581900621118
min1176,female,12.425515151515151
min1176,male,11.420860414078675
min1177,female,12.44728212121212
min1177,male,11.056138364389234
min1178,female,12.437501471861472
min1178,male,11.23334817805383
min1179,female,12.08733248917749
min1179,male,11.413034658385094
min118,female,2.0709650216450215
min118,male,2.5357842443064182
min1180,female,11.953121103896104
min1180,male,11.131839213250517
min1181,female,12.335757251082251
min1181,male,11.642588799171843
min1182,female,12.348960281385281
min1182,male,11.646219917184265
min1183,female,12.193940411255412
min1183,male,11.972554513457556
min1184,female,11.597155714285714
min1184,male,12.271716894409938
min1185,female,11.65042116883117
min1185,male,11.61070258799172
min1186,female,11.97087958874459
min1186,male,12.39342221532091
min1187,female,12.291318463203464
min1187,male,12.02834917184265
min1188,female,12.219930909090909
min1188,male,11.580968902691511
min1189,female,11.86171261904762
min1189,male,11.505372629399586
min119,female,1.930104805194805
min119,male,2.6590608074534163
min1190,female,12.014491341991341
min1190,male,11.56474635610766
min1191,female,12.244984978354978
min1191,male,11.51768950310559
min1192,female,11.556001277056277
min1192,male,11.221342236024844
min1193,female,12.301453528138529
min1193,male,10.474144989648034
min1194,female,12.346548506493507
min1194,male,10.966391283643892
min1195,female,12.3003937012987
min1195,male,10.6655883436853
min1196,female,12.063919718614718
min1196,male,10.751425238095239
min1197,female,11.90631077922078
min1197,male,10.913233830227743
min1198,female,11.203649264069265
min1198,male,10.817966480331263
min1199,female,11.77416725108225
min1199,male,10.908386293995859
min12,female,3.5043135281385283
min12,male,4.510959378881988
min120,female,1.873067380952381
min120,male,2.6518041614906833
min1200,female,11.57267145021645
min1200,male,11.162683478260869
min1201,female,11.770687922077922
min1201,male,11.34943
min1202,female,11.632946125541126
min1202,male,11.020180579710145
min1203,female,11.701144090909091
min1203,male,11.26853519668737
min1204,female,11.662434696969697
min1204,male,10.991186583850931
min1205,female,12.308901926406927
min1205,male,11.424476376811594
min1206,female,12.251855822510823
min1206,male,11.374046604554865
min1207,female,12.004068636363636
min1207,male,11.5455084057971
min1208,female,11.746351558441559
min1208,male,11.721564948240166
min1209,female,11.758058398268398
min1209,male,11.176520621118012
min121,female,1.8975484632034632
min121,male,2.417543291925466
min1210,female,11.807404675324674
min1210,male,11.125857577639751
min1211,female,11.7923708008658
min1211,male,10.720996397515528
min1212,female,11.706863463203463
min1212,male,11.317730248447205
min1213,female,11.887401818181818
min1213,male,11.64063778467909
min1214,female,11.92011
min1214,male,11.759269358178054
min1215,female,11.863314155844156
min1215,male,11.414077101449275
min1216,female,12.064891017316018
min1216,male,11.00977033126294
min1217,female,11.675766731601732
min1217,male,10.743700455486543
min1218,female,12.459601277056278
min1218,male,10.60608519668737
min1219,female,11.757143961038961
min1219,male,10.819976728778467
min122,female,1.940030606060606
min122,male,2.352315155279503
min1220,female,11.985328354978355
min1220,male,10.783627370600414
min1221,female,12.129388874458874
min1221,male,11.171126045548654
min1222,female,11.740159220779221
min1222,male,10.864027722567288
min1223,female,11.441201255411256
min1223,male,10.470701055900621
min1224,female,11.62010800865801
min1224,male,10.42912635610766
min1225,female,11.177758961038961
min1225,male,10.022115051759835
min1226,female,11.530834545454546
min1226,male,10.278353664596272
min1227,female,11.108713874458875
min1227,male,10.348942049689441
min1228,female,11.78961673160173
min1228,male,10.17842966873706
min1229,female,11.507300454545454
min1229,male,10.40527966873706
min123,female,1.8499139826839825
min123,male,2.2465869565217393
min1230,female,11.781287294372294
min1230,male,10.305125569358179
min1231,female,11.805770606060607
min1231,male,10.425429813664596
min1232,female,11.391109826839827
min1232,male,10.30324215320911
min1233,female,11.355485974025974
min1233,male,10.053570082815735
min1234,female,11.679239545454545
min1234,male,10.226474658385094
min1235,female,11.531715497835497
min1235,male,10.245709254658385
min1236,female,11.316775411255412
min1236,male,9.971561718426502
min1237,female,11.13965393939394
min1237,male,10.153173167701864
min1238,female,10.677670497835498
min1238,male,9.807214761904762
min1239,female,11.291153766233766
min1239,male,10.088178364389234
min124,female,1.7961224675324676
min124,male,2.3689715527950312
min1240,female,11.714471601731601
min1240,male,10.422238240165631
min1241,female,11.219948095238095
min1241,male,10.388646604554864
min1242,female,10.6888170995671
min1242,male,10.425952194616977
min1243,female,10.713445822510822
min1243,male,9.983359751552795
min1244,female,11.171703722943723
min1244,male,10.043816977225672
min1245,female,11.00174932900433
min1245,male,10.230420952380953
min1246,female,10.904213181818182
min1246,male,10.325553995859213
min1247,female,11.009363311688311
min1247,male,10.512165341614907
min1248,female,10.76914090909091
min1248,male,10.11225182194617
min1249,female,10.94085738095238
min1249,male,10.361270351966875
min125,female,1.920627619047619
min125,male,2.368967060041408
min1250,female,11.32067906926407
min1250,male,9.92947801242236
min1251,female,11.29486841991342
min1251,male,9.735199254658385
min1252,female,10.8655712987013
min1252,male,9.479228633540373
min1253,female,10.507026904761904
min1253,male,9.773159151138717
min1254,female,10.860029480519481
min1254,male,10.014844409937888
min1255,female,10.947980541125542
min1255,male,10.087579710144928
min1256,female,11.096575606060606
min1256,male,9.701019958592132
min1257,female,11.57964867965368
min1257,male,9.469078819875776
min1258,female,11.158786125541125
min1258,male,9.84667658385093
min1259,female,11.10263645021645
min1259,male,9.696584265010351
min126,female,1.8722867748917749
min126,male,2.319805238095238
min1260,female,11.136703744588745
min1260,male,10.240875507246377
min1261,female,11.060100194805194
min1261,male,10.235596915113872
min1262,female,11.119086536796537
min1262,male,10.636774182194618
min1263,female,11.1260812987013
min1263,male,10.57580546583851
min1264,female,11.135359177489178
min1264,male,10.402236211180124
min1265,female,10.942908593073593
min1265,male,10.43437347826087
min1266,female,11.295705844155844
min1266,male,10.481853105590062
min1267,female,10.836962835497836
min1267,male,9.783980517598344
min1268,female,11.011693896103896
min1268,male,10.443555155279503
min1269,female,11.392246233766233
min1269,male,9.91492695652174
min127,female,1.6751800432900432
min127,male,2.1808223188405798
min1270,female,10.700182186147186
min1270,male,9.961036666666667
min1271,female,10.367250432900432
min1271,male,9.94493761904762
min1272,female,10.796044069264068
min1272,male,9.821902960662525
min1273,female,11.160150454545454
min1273,male,9.613220786749482
min1274,female,11.108765844155844
min1274,male,9.46418033126294
min1275,female,11.223594285714286
min1275,male,9.760750289855073
min1276,female,11.451231774891776
min1276,male,10.117050124223603
min1277,female,10.930191818181818
min1277,male,10.074909937888199
min1278,female,10.449607813852813
min1278,male,9.799590890269151
min1279,female,11.106331385281385
min1279,male,9.802356107660456
min128,female,1.6917673593073592
min128,male,2.3011638302277433
min1280,female,10.819909437229438
min1280,male,9.67835082815735
min1281,female,10.625879264069264
min1281,male,9.4264116563147
min1282,female,10.851489935064935
min1282,male,9.807824202898551
min1283,female,11.015905584415584
min1283,male,9.951201573498965
min1284,female,10.952258852813852
min1284,male,9.599195113871636
min1285,female,10.854524112554113
min1285,male,9.7948017184265
min1286,female,10.553434935064935
min1286,male,10.02975033126294
min1287,female,10.342196948051948
min1287,male,9.764084844720497
min1288,female,10.209680779220779
min1288,male,10.23949265010352
min1289,female,10.553759978354979
min1289,male,9.793836770186335
min129,female,1.7127937445887447
min129,male,2.328377619047619
min1290,female,10.29684038961039
min1290,male,9.714751449275361
min1291,female,10.167342922077921
min1291,male,9.64776248447205
min1292,female,10.026725216450217
min1292,male,9.86769115942029
min1293,female,10.378062207792208
min1293,male,9.691814430641822
min1294,female,10.200507792207793
min1294,male,9.435201697722567
min1295,female,9.883948939393939
min1295,male,9.172357060041408
min1296,female,9.944440108225109
min1296,male,9.177010186335403
min1297,female,9.4594137012987
min1297,male,8.757636293995859
min1298,female,9.662456536796537
min1298,male,8.733179026915113
min1299,female,10.108116233766234
min1299,male,8.482169585921325
min13,female,3.6080291125541124
min13,male,4.510010724637681
min130,female,1.7916516450216449
min130,male,2.1866308695652172
min1300,female,9.836214632034633
min1300,male,8.618276501035197
min1301,female,9.468272792207792
min1301,male,8.978247556935818
min1302,female,9.134889004329004
min1302,male,8.795880372670808
min1303,female,9.357606082251083
min1303,male,8.72985817805383
min1304,female,9.680993268398268
min1304,male,8.476607163561077
min1305,female,8.875491493506493
min1305,male,8.517549917184265
min1306,female,9.081063766233767
min1306,male,8.287116728778468
min1307,female,8.92319619047619
min1307,male,7.967964472049689
min1308,female,8.977998073593074
min1308,male,8.010851801242236
min1309,female,9.015644372294373
min1309,male,8.34399712215321
min131,female,1.715631883116883
min131,male,2.2358170807453415
min1310,female,8.707981147186148
min1310,male,8.11097867494824
min1311,female,9.20561593073593
min1311,male,8.018715217391305
min1312,female,8.886616688311689
min1312,male,8.078585238095238
min1313,female,8.700249329004329
min1313,male,8.373923105590062
min1314,female,8.885624848484849
min1314,male,8.232548923395445
min1315,female,8.737953181818181
min1315,male,8.171554472049689
min1316,female,8.835034502164502
min1316,male,8.085954989648034
min1317,female,8.954229696969698
min1317,male,8.078714844720498
min1318,female,8.689452402597402
min1318,male,8.121300683229814
min1319,female,8.89720564935065
min1319,male,8.087445383022775
min132,female,1.7715183549783549
min132,male,2.323952463768116
min1320,female,8.918115930735931
min1320,male,8.132430144927536
min1321,female,9.18951735930736
min1321,male,8.46743275362319
min1322,female,8.832362987012987
min1322,male,8.04177238095238
min1323,female,8.616302337662338
min1323,male,8.066789585921326
min1324,female,8.591225606060606
min1324,male,8.511624658385093
min1325,female,8.411803354978355
min1325,male,8.945560621118013
min1326,female,8.461861255411256
min1326,male,8.470402960662526
min1327,female,8.727219199134199
min1327,male,8.454089192546585
min1328,female,8.471850432900434
min1328,male,8.249717246376811
min1329,female,8.406510346320346
min1329,male,8.00729122153209
min133,female,1.562719090909091
min133,male,2.157115175983437
min1330,female,8.138731623376623
min1330,male,7.939796935817805
min1331,female,8.748579177489177
min1331,male,7.990940703933747
min1332,female,9.109639437229438
min1332,male,7.672265983436853
min1333,female,8.685058852813853
min1333,male,8.023039130434782
min1334,female,8.241233138528138
min1334,male,8.032016666666667
min1335,female,8.18769054112554
min1335,male,7.627195507246377
min1336,female,8.314355086580086
min1336,male,8.086963561076605
min1337,female,8.358566883116882
min1337,male,8.358204244306418
min1338,female,8.286723658008658
min1338,male,8.608343747412007
min1339,female,8.14649867965368
min1339,male,8.315615776397516
min134,female,1.6318699134199135
min134,male,2.21167347826087
min1340,female,8.50217764069264
min1340,male,8.240245714285715
min1341,female,8.726425432900433
min1341,male,8.110953892339545
min1342,female,8.375603181818182
min1342,male,8.0290783436853
min1343,female,8.38660603896104
min1343,male,8.311507287784679
min1344,female,8.443535043290042
min1344,male,8.138100186335404
min1345,female,8.484716731601731
min1345,male,7.62563701863354
min1346,female,7.696840800865801
min1346,male,7.443822857142857
min1347,female,8.116924761904762
min1347,male,7.586321697722568
min1348,female,8.201288181818182
min1348,male,8.252328240165632
min1349,female,8.279465411255412
min1349,male,8.140027391304347
min135,female,1.625542619047619
min135,male,2.1244546376811595
min1350,female,8.138894523809524
min1350,male,8.09523546583851
min1351,female,8.190717077922077
min1351,male,7.827323519668737
min1352,female,7.607734783549784
min1352,male,7.713313954451346
min1353,female,8.39109329004329
min1353,male,7.634869958592132
min1354,female,8.209759718614718
min1354,male,7.343296915113871
min1355,female,7.781719761904762
min1355,male,7.297841677018633
min1356,female,8.070798939393939
min1356,male,7.522665672877847
min1357,female,8.06224196969697
min1357,male,7.279424078674948
min1358,female,7.672915367965368
min1358,male,7.425692049689441
min1359,female,7.338750432900433
min1359,male,7.51844397515528
min136,female,1.678415735930736
min136,male,1.8846373291925465
min1360,female,7.7349101731601735
min1360,male,7.485951138716356
min1361,female,7.306741536796537
min1361,male,7.438424265010352
min1362,female,7.179706904761905
min1362,male,7.68606917184265
min1363,female,7.214467337662338
min1363,male,7.388036542443064
min1364,female,6.958556125541126
min1364,male,7.254341614906832
min1365,female,7.409263203463204
min1365,male,7.4495166873706005
min1366,female,7.255713095238096
min1366,male,7.22329281573499
min1367,female,7.191291601731602
min1367,male,7.169437225672878
min1368,female,7.222792705627706
min1368,male,7.030646604554866
min1369,female,6.8755857792207795
min1369,male,7.1032950103519665
min137,female,1.7700588528138528
min137,male,2.1240037267080747
min1370,female,6.851280909090909
min1370,male,7.1953516563147
min1371,female,6.665394415584416
min1371,male,7.261570227743271
min1372,female,6.582350173160173
min1372,male,6.893709565217391
min1373,female,6.551256168831169
min1373,male,6.701589710144928
min1374,female,6.492987619047619
min1374,male,6.815429648033126
min1375,female,6.401720670995671
min1375,male,6.341492008281573
min1376,female,6.377706948051948
min1376,male,6.685258654244307
min1377,female,5.998611515151516
min1377,male,6.543247474120083
min1378,female,6.21952564935065
min1378,male,6.648454865424431
min1379,female,6.37900329004329
min1379,male,6.794629296066253
min138,female,1.7430544372294372
min138,male,1.9832324016563148
min1380,female,6.8226429437229434
min1380,male,6.8751448033126294
min1381,female,7.321625476190476
min1381,male,7.252567494824016
min1382,female,6.946793831168831
min1382,male,7.350971345755694
min1383,female,6.695460064935065
min1383,male,7.389422505175983
min1384,female,6.614762164502165
min1384,male,7.097745942028985
min1385,female,6.439518528138528
min1385,male,6.990308861283644
min1386,female,6.141572121212121
min1386,male,7.021080683229814
min1387,female,6.243074740259741
min1387,male,6.796053084886128
min1388,female,6.308029783549784
min1388,male,6.7338214492753625
min1389,female,6.250443073593074
min1389,male,6.490508612836439
min139,female,1.7603172510822511
min139,male,2.1091127329192547
min1390,female,6.371447575757576
min1390,male,6.3711928157349895
min1391,female,6.0175880086580085
min1391,male,6.4007060869565215
min1392,female,6.163120389610389
min1392,male,6.179535879917184
min1393,female,6.36316183982684
min1393,male,6.522467494824016
min1394,female,6.37249696969697
min1394,male,6.227690807453416
min1395,female,5.999284307359307
min1395,male,6.21690751552795
min1396,female,6.125671406926407
min1396,male,6.12620486542443
min1397,female,6.076072640692641
min1397,male,6.013288861283644
min1398,female,5.8151244372294375
min1398,male,5.900541138716356
min1399,female,5.699643225108225
min1399,male,6.102559254658385
min14,female,3.817491341991342
min14,male,4.554865051759834
min140,female,1.7073624025974026
min140,male,2.0924768322981366
min1400,female,5.593094329004329
min1400,male,6.203133167701863
min1401,female,5.858294588744589
min1401,male,5.942268136645962
min1402,female,5.843992575757576
min1402,male,6.125390559006211
min1403,female,5.7462379004329005
min1403,male,5.970689606625259
min1404,female,5.785902316017316
min1404,male,6.023847619047619
min1405,female,5.510463571428572
min1405,male,5.451750890269151
min1406,female,5.596089523809524
min1406,male,5.584766418219462
min1407,female,5.634200303030303
min1407,male,5.546028364389234
min1408,female,5.1544555194805195
min1408,male,5.181607308488613
min1409,female,5.167191017316017
min1409,male,5.385995155279503
min141,female,1.8927878571428571
min141,male,2.3324430641821947
min1410,female,5.322283701298701
min1410,male,5.63164629399586
min1411,female,5.3651895454545455
min1411,male,5.77303966873706
min1412,female,5.482365670995671
min1412,male,5.300786066252588
min1413,female,5.615476363636364
min1413,male,5.307989026915114
min1414,female,5.3225946103896105
min1414,male,5.649345714285714
min1415,female,5.157633917748917
min1415,male,5.500396438923396
min1416,female,4.808630974025974
min1416,male,5.338779565217392
min1417,female,4.882192575757576
min1417,male,5.549232298136646
min1418,female,5.182807380952381
min1418,male,5.231801532091097
min1419,female,4.565690476190476
min1419,male,4.9604566666666665
min142,female,1.7657462337662337
min142,male,2.0558292960662525
min1420,female,5.051943809523809
min1420,male,5.171237101449275
min1421,female,5.073070497835498
min1421,male,5.030199979296066
min1422,female,5.25932487012987
min1422,male,5.184796128364389
min1423,female,5.239322142857143
min1423,male,4.90147066252588
min1424,female,5.018560606060606
min1424,male,5.357923250517598
min1425,female,4.938234285714286
min1425,male,5.511710124223603
min1426,female,4.624058181818182
min1426,male,5.14324718426501
min1427,female,4.410901623376623
min1427,male,5.061601449275362
min1428,female,4.512773203463204
min1428,male,4.963705072463768
min1429,female,4.093354458874459
min1429,male,4.790526853002071
min143,female,1.7297411904761903
min143,male,2.2729869979296065
min1430,female,4.130890627705628
min1430,male,5.178884016563147
min1431,female,4.367791861471861
min1431,male,4.757112670807453
min1432,female,4.565912207792208
min1432,male,4.950480559006211
min1433,female,4.721526277056277
min1433,male,4.634493623188406
min1434,female,4.608164783549784
min1434,male,4.7384299792960665
min1435,female,4.470160974025974
min1435,male,4.927450890269151
min1436,female,4.622082748917749
min1436,male,5.112004637681159
min1437,female,4.1802371861471865
min1437,male,4.853426273291926
min1438,female,4.111472251082251
min1438,male,4.655334886128364
min1439,female,3.901238636363636
min1439,male,4.797817805383023
min144,female,1.5265795021645021
min144,male,2.049265403726708
min1440,female,3.6669338528138526
min1440,male,4.825277743271221
min145,female,1.485221212121212
min145,male,2.0217151138716356
min146,female,1.4554612554112554
min146,male,2.0795258592132506
min147,female,1.5957745887445889
min147,male,2.231696314699793
min148,female,1.5164859956709957
min148,male,2.237729192546584
min149,female,1.752699025974026
min149,male,2.1322482401656315
min15,female,4.026817532467533
min15,male,4.5670583436853
min150,female,1.517514761904762
min150,male,2.0174255279503104
min151,female,1.2535438311688312
min151,male,2.1424550310559005
min152,female,1.3254284848484847
min152,male,1.9662499585921325
min153,female,1.3893139393939393
min153,male,2.097810455486542
min154,female,1.6349389826839826
min154,male,2.2570895652173912
min155,female,1.5104994372294371
min155,male,2.2191318426501034
min156,female,1.5507799567099567
min156,male,2.0501034161490685
min157,female,1.627078484848485
min157,male,1.9919365217391305
min158,female,1.4380874242424242
min158,male,1.9563523395445135
min159,female,1.4664954112554112
min159,male,2.3018768322981367
min16,female,3.6885067316017315
min16,male,4.4262558385093165
min160,female,1.5320804545454545
min160,male,1.865611242236025
min161,female,1.6625656926406926
min161,male,2.0299963354037267
min162,female,1.5980652813852814
min162,male,2.105367722567288
min163,female,1.4394562337662338
min163,male,2.009814761904762
min164,female,1.6473315800865802
min164,male,2.0889387577639753
min165,female,1.9650437662337663
min165,male,2.050294906832298
min166,female,1.7595127056277056
min166,male,1.636969192546584
min167,female,1.5673020562770563
min167,male,1.6203638509316771
min168,female,1.7764261904761904
min168,male,1.784283540372671
min169,female,1.477563116883117
min169,male,1.8140610351966873
min17,female,3.4719720995670995
min17,male,4.18498966873706
min170,female,1.628158658008658
min170,male,1.99268
min171,female,1.8486995238095238
min171,male,1.945142380952381
min172,female,1.6792735714285714
min172,male,2.11469751552795
min173,female,1.7531895670995672
min173,male,1.8939979710144927
min174,female,1.6480896753246752
min174,male,1.9841014492753624
min175,female,1.3987794372294373
min175,male,2.1515640579710147
min176,female,1.229780909090909
min176,male,2.0971512629399585
min177,female,1.25555841991342
min177,male,1.8163901863354037
min178,female,1.3399454112554112
min178,male,1.934315403726708
min179,female,1.4157687012987012
min179,male,1.8778004761904763
min18,female,3.324677705627706
min18,male,4.27910414078675
min180,female,1.355476212121212
min180,male,2.0632494616977226
min181,female,1.4263713203463204
min181,male,1.930883602484472
min182,female,1.541945735930736
min182,male,2.1415901035196687
min183,female,1.4693225757575759
min183,male,2.130307122153209
min184,female,1.7412236363636364
min184,male,1.94100983436853
min185,female,1.510595
min185,male,2.1176983643892338
min186,female,1.3878256926406927
min186,male,2.0122068322981366
min187,female,1.3490615584415584
min187,male,2.110545424430642
min188,female,1.2829636147186148
min188,male,1.9569606211180124
min189,female,1.5422540043290043
min189,male,1.7362276604554865
min19,female,3.178575670995671
min19,male,4.278903892339544
min190,female,1.4911858008658008
min190,male,1.8450664182194616
min191,female,1.2838474675324676
min191,male,1.7992958385093167
min192,female,1.203065974025974
min192,male,1.5941090062111802
min193,female,1.1714885064935066
min193,male,1.8433718219461697
min194,female,1.216608593073593
min194,male,1.9263724430641822
min195,female,1.5779200432900433
min195,male,1.7803957556935817
min196,female,1.4225457575757576
min196,male,1.938482132505176
min197,female,1.4240593073593073
min197,male,1.853528447204969
min198,female,1.39659
min198,male,1.7773592132505176
min199,female,1.3933151082251083
min199,male,1.7802417598343685
min2,female,3.86034341991342
min2,male,4.734870207039338
min20,female,3.0734042640692643
min20,male,4.372131904761905
min200,female,1.374197987012987
min200,male,1.7821213250517598
min201,female,1.295557380952381
min201,male,1.7480882815734988
min202,female,1.310477445887446
min202,male,1.649129751552795
min203,female,1.3058893722943723
min203,male,1.7457215320910973
min204,female,1.2300770562770562
min204,male,1.5103566045548655
min205,female,1.4196507575757575
min205,male,1.6917348861283643
min206,female,1.375765367965368
min206,male,1.7407775569358177
min207,female,1.4536163852813853
min207,male,1.835832215320911
min208,female,1.3271114502164503
min208,male,1.6003805383022773
min209,female,1.4025267965367965
min209,male,1.495575817805383
min21,female,2.8315456277056277
min21,male,4.436497577639751
min210,female,1.3323963203463203
min210,male,1.6117931469979296
min211,female,1.5501162121212122
min211,male,1.6260860248447204
min212,female,1.5290567316017316
min212,male,1.7230202070393374
min213,female,1.4330313852813854
min213,male,1.564306480331263
min214,female,1.493617857142857
min214,male,1.6152178881987578
min215,female,1.3937684632034633
min215,male,1.6017550310559006
min216,female,1.2806633766233766
min216,male,1.5199603519668736
min217,female,1.4873269047619047
min217,male,1.697393043478261
min218,female,1.48055816017316
min218,male,1.5449474741200828
min219,female,1.5573273593073593
min219,male,1.690515900621118
min22,female,2.8808378571428572
min22,male,4.583288550724638
min220,female,1.5056298484848485
min220,male,1.6207884057971014
min221,female,1.3459588961038962
min221,male,1.7169265217391305
min222,female,1.3831589393939394
min222,male,1.7279811387163562
min223,female,1.2424572294372294
min223,male,1.7258621946169772
min224,female,1.1418333982683984
min224,male,1.9713671842650105
min225,female,1.168772445887446
min225,male,1.772965900621118
min226,female,1.2419851948051948
min226,male,1.675358695652174
min227,female,1.3400708008658009
min227,male,1.647097784679089
min228,female,1.2999087445887445
min228,male,1.6417095445134575
min229,female,1.3523938311688313
min229,male,1.7461775776397515
min23,female,2.970165519480519
min23,male,4.309820786749483
min230,female,1.4285533982683982
min230,male,1.732391884057971
min231,female,1.3746111255411255
min231,male,1.8236809523809523
min232,female,1.453149805194805
min232,male,1.77941049689441
min233,female,1.4169852380952381
min233,male,1.6531021118012423
min234,female,1.4129596103896105
min234,male,1.8674325465838508
min235,female,1.3469912554112553
min235,male,1.8056444720496894
min236,female,1.2438718614718614
min236,male,1.838058778467909
min237,female,1.2124489177489177
min237,male,1.7497644927536231
min238,female,1.2590690476190476
min238,male,1.5803679917184266
min239,female,1.2436480303030302
min239,male,1.6272119047619047
min24,female,3.0158358874458875
min24,male,4.228874741200828
min240,female,1.1596158441558442
min240,male,1.4384001242236024
min241,female,1.359486948051948
min241,male,1.799096811594203
min242,female,1.2402814935064934
min242,male,1.8619548447204968
min243,female,1.3717927272727273
min243,male,1.7678405175983436
min244,female,1.347687380952381
min244,male,1.6547790062111802
min245,female,1.1033750432900433
min245,male,1.5933406004140787
min246,female,1.2265065367965369
min246,male,1.4615421739130434
min247,female,1.0854301731601732
min247,male,1.563313602484472
min248,female,1.202262012987013
min248,male,1.534631635610766
min249,female,1.1465260173160172
min249,male,1.493870248447205
min25,female,3.1911338744588744
min25,male,4.115468695652174
min250,female,1.257601038961039
min250,male,1.3683222360248448
min251,female,1.2666164285714285
min251,male,1.2848454451345757
min252,female,1.147233593073593
min252,male,1.7052520910973086
min253,female,1.108372619047619
min253,male,1.5257725879917183
min254,female,1.264019264069264
min254,male,1.5524379089026914
min255,female,1.1906831818181818
min255,male,1.586058447204969
min256,female,1.3816552813852814
min256,male,1.5340725258799173
min257,female,1.1474135497835498
min257,male,1.4435323395445134
min258,female,1.3133753246753246
min258,male,1.4037518426501034
min259,female,1.301033051948052
min259,male,1.3782387577639752
min26,female,3.0703945454545454
min26,male,4.046079378881988
min260,female,1.2961919696969697
min260,male,1.3563733954451345
min261,female,1.259440238095238
min261,male,1.4071181780538302
min262,female,1.1616447619047618
min262,male,1.667184761904762
min263,female,1.178833722943723
min263,male,1.5184792132505176
min264,female,1.2547130952380954
min264,male,1.532361801242236
min265,female,1.1564858658008657
min265,male,1.471343933747412
min266,female,1.0809452813852813
min266,male,1.5976554451345755
min267,female,1.065288961038961
min267,male,1.372558426501035
min268,female,1.0026063636363636
min268,male,1.365040745341615
min269,female,1.0350884199134198
min269,male,1.6144412215320911
min27,female,3.2511615367965367
min27,male,3.842845175983437
min270,female,0.9960231601731602
min270,male,1.3959474534161491
min271,female,1.332147748917749
min271,male,1.6094419668737059
min272,female,0.9892870995670996
min272,male,1.5135563561076604
min273,female,1.0382021428571429
min273,male,1.477254182194617
min274,female,0.9201027272727272
min274,male,1.6601756107660455
min275,female,1.0399126190476191
min275,male,1.5366271014492754
min276,female,1.2164385497835497
min276,male,1.5263666045548654
min277,female,1.32977829004329
min277,male,1.530039420289855
min278,female,1.1844712121212122
min278,male,1.4685960248447205
min279,female,1.0074344805194806
min279,male,1.8585835610766046
min28,female,3.127538225108225
min28,male,3.7897586335403726
min280,female,1.0130174675324675
min280,male,1.477567639751553
min281,female,0.9131994588744589
min281,male,1.6511371842650104
min282,female,1.3323163852813853
min282,male,1.833457287784679
min283,female,1.1894004545454546
min283,male,1.7880423395445135
min284,female,0.9795907792207792
min284,male,1.9000602070393373
min285,female,1.045080735930736
min285,male,1.7153116770186336
min286,female,1.2968927272727273
min286,male,1.690237225672878
min287,female,1.3380832467532466
min287,male,1.565825238095238
min288,female,1.4788327922077922
min288,male,1.7098147204968943
min289,female,1.417146471861472
min289,male,1.666852298136646
min29,female,3.0536800432900435
min29,male,4.219574430641822
min290,female,1.4129574025974025
min290,male,1.7600625465838509
min291,female,1.399399935064935
min291,male,1.4722882194616977
min292,female,1.3091542857142857
min292,male,1.6607466045548653
min293,female,1.2464382683982684
min293,male,1.7188994824016564
min294,female,1.4929061904761904
min294,male,1.7390736853002071
min295,female,1.4357776406926408
min295,male,1.908764182194617
min296,female,1.5362044805194806
min296,male,1.7357344927536231
min297,female,1.3820711904761906
min297,male,1.7633406004140786
min298,female,1.5480711904761904
min298,male,2.0659940579710145
min299,female,1.4814319913419913
min299,male,1.922980724637681
min3,female,3.808249393939394
min3,male,4.450844057971015
min30,female,3.059689761904762
min30,male,4.066364906832298
min300,female,1.5687394588744588
min300,male,2.0369459627329194
min301,female,1.9907031168831169
min301,male,2.221024534161491
min302,female,1.714246774891775
min302,male,2.2507521739130434
min303,female,1.558002251082251
min303,male,2.0168341614906833
min304,female,1.5293583982683983
min304,male,2.174208033126294
min305,female,1.7128032467532468
min305,male,2.070169440993789
min306,female,1.6096654761904763
min306,male,2.329279979296066
min307,female,1.6036988095238094
min307,male,2.0905934782608697
min308,female,1.6890533982683984
min308,male,2.1907377225672877
min309,female,1.6617214935064935
min309,male,2.299767370600414
min31,female,2.9729165367965367
min31,male,4.051281221532091
min310,female,1.7231566883116882
min310,male,2.427200600414079
min311,female,1.9765056493506492
min311,male,2.3198572670807454
min312,female,2.169921298701299
min312,male,2.4551684679089028
min313,female,1.969132683982684
min313,male,2.1609546997929607
min314,female,1.846000606060606
min314,male,2.4225020082815734
min315,female,1.6978435714285713
min315,male,2.5038719047619047
min316,female,1.8585288095238095
min316,male,2.4661056935817807
min317,female,1.8256238528138529
min317,male,2.369420434782609
min318,female,1.811028181818182
min318,male,2.2987569358178055
min319,female,2.100862316017316
min319,male,2.3913867494824017
min32,female,3.4574234415584417
min32,male,3.9993288612836437
min320,female,2.2609645238095237
min320,male,2.356389606625259
min321,female,2.2034406493506493
min321,male,2.5887718633540375
min322,female,2.3728335714285715
min322,male,2.5943761697722567
min323,female,2.006420432900433
min323,male,2.6321168737060043
min324,female,2.2081389610389612
min324,male,2.522702525879917
min325,female,2.3030767316017315
min325,male,2.6952860248447204
min326,female,2.464643896103896
min326,male,2.657209358178054
min327,female,2.4178966233766235
min327,male,2.540325320910973
min328,female,2.5931613203463204
min328,male,2.5094915942028986
min329,female,2.8096901515151513
min329,male,2.5176156107660455
min33,female,3.0741119264069265
min33,male,3.724257308488613
min330,female,2.775519199134199
min330,male,2.5521106832298135
min331,female,2.7904874025974027
min331,male,2.8531342443064185
min332,female,2.992590909090909
min332,male,2.5757636438923397
min333,female,2.857059502164502
min333,male,2.2714864389233953
min334,female,2.9698690692640692
min334,male,2.4939547412008283
min335,female,2.7047659956709955
min335,male,2.4813513871635613
min336,female,2.808139891774892
min336,male,2.4478413664596275
min337,female,2.780076341991342
min337,male,2.561553933747412
min338,female,3.150197922077922
min338,male,2.5779898757763977
min339,female,3.329478398268398
min339,male,2.7734485507246376
min34,female,2.877788722943723
min34,male,4.14795132505176
min340,female,3.114870606060606
min340,male,2.649367329192547
min341,female,3.152722142857143
min341,male,2.685365320910973
min342,female,3.2149320995670996
min342,male,2.7850283022774325
min343,female,3.1964193290043292
min343,male,2.8837015734989646
min344,female,3.2485096103896103
min344,male,2.9862558385093165
min345,female,3.301054805194805
min345,male,2.787073291925466
min346,female,3.267435930735931
min346,male,2.925317929606625
min347,female,3.382244632034632
min347,male,2.7601143064182194
min348,female,3.2889541991341993
min348,male,2.674783768115942
min349,female,3.430273961038961
min349,male,2.9111291511387165
min35,female,3.125678852813853
min35,male,3.8398819254658383
min350,female,3.228280844155844
min350,male,2.785053354037267
min351,female,3.6624852813852815
min351,male,3.060320351966874
min352,female,3.722177619047619
min352,male,3.060017950310559
min353,female,3.8313958658008658
min353,male,3.0070378881987576
min354,female,3.867913961038961
min354,male,2.8674455486542443
min355,female,3.701816948051948
min355,male,2.918039648033126
min356,female,3.4839610389610387
min356,male,3.0480929813664597
min357,female,3.3518088095238094
min357,male,3.400910766045549
min358,female,3.830151406926407
min358,male,3.154561635610766
min359,female,4.175831818181818
min359,male,3.5100210144927537
min36,female,2.815272077922078
min36,male,3.7004466252587993
min360,female,4.036048095238095
min360,male,3.4156175983436854
min361,female,4.128566493506494
min361,male,4.009463995859213
min362,female,3.752002683982684
min362,male,3.845594078674948
min363,female,3.974843051948052
min363,male,3.651538198757764
min364,female,4.1453666017316015
min364,male,3.666078923395445
min365,female,3.8806020995670996
min365,male,3.5173187370600414
min366,female,4.232883874458874
min366,male,3.7272461904761904
min367,female,4.168445974025974
min367,male,3.9606310351966876
min368,female,4.230213376623377
min368,male,4.119955134575569
min369,female,4.206773463203463
min369,male,4.419899710144928
min37,female,3.0430924025974027
min37,male,3.7551052795031055
min370,female,4.192792186147186
min370,male,4.178566169772257
min371,female,4.447177251082251
min371,male,4.559586149068323
min372,female,4.207465995670995
min372,male,4.226756728778468
min373,female,4.420387337662338
min373,male,4.078641904761905
min374,female,4.554541904761905
min374,male,3.9785164803312627
min375,female,4.792215238095238
min375,male,4.312103374741201
min376,female,4.563595151515152
min376,male,4.574520227743271
min377,female,4.604102489177489
min377,male,4.512355300207039
min378,female,4.828209350649351
min378,male,4.71142115942029
min379,female,4.846715930735931
min379,male,4.606565631469979
min38,female,2.940241212121212
min38,male,3.905521801242236
min380,female,4.762244393939394
min380,male,4.771476004140787
min381,female,4.768272922077922
min381,male,4.844826501035197
min382,female,5.0112828787878785
min382,male,4.663082960662526
min383,female,5.053988809523809
min383,male,4.538399213250518
min384,female,5.069219220779221
min384,male,4.569347060041408
min385,female,4.807306385281385
min385,male,4.770649420289855
min386,female,5.255225454545455
min386,male,4.883954347826087
min387,female,5.296560909090909
min387,male,4.795790269151139
min388,female,5.41196987012987
min388,male,4.696872132505176
min389,female,5.236745735930736
min389,male,4.777124451345756
min39,female,3.057370800865801
min39,male,4.101626169772257
min390,female,5.426759805194806
min390,male,4.885040476190476
min391,female,5.556865497835497
min391,male,5.081458240165632
min392,female,5.3680482034632035
min392,male,5.239141242236025
min393,female,5.7559115151515154
min393,male,4.999591200828157
min394,female,5.712825865800866
min394,male,4.712073457556936
min395,female,5.726687012987012
min395,male,4.926458799171843
min396,female,5.478095346320346
min396,male,4.893553146997929
min397,female,5.799892748917749
min397,male,4.849111904761905
min398,female,5.885365108225108
min398,male,5.371644761904761
min399,female,5.7174919913419915
min399,male,5.56134149068323
min4,female,4.1051724675324675
min4,male,4.392717888198757
min40,female,3.0938451948051946
min40,male,3.8822406211180125
min400,female,5.899687077922078
min400,male,5.572215113871636
min401,female,6.115356363636364
min401,male,5.511317660455487
min402,female,6.2898222077922075
min402,male,5.450000621118012
min403,female,5.886876038961039
min403,male,5.522438757763975
min404,female,6.490662467532467
min404,male,5.430465755693581
min405,female,6.683976753246753
min405,male,5.8716329606625255
min406,female,6.8316740909090905
min406,male,5.969322070393375
min407,female,7.018694047619047
min407,male,5.999179440993789
min408,female,7.26829303030303
min408,male,6.036698281573499
min409,female,7.206318701298701
min409,male,5.848670144927536
min41,female,2.81020696969697
min41,male,3.6441198757763975
min410,female,7.227941298701299
min410,male,5.58513430641822
min411,female,7.050010411255411
min411,male,5.754632091097308
min412,female,7.432860432900433
min412,male,5.856777991718427
min413,female,7.348346385281386
min413,male,5.78421950310559
min414,female,7.475614047619048
min414,male,5.691789109730849
min415,female,7.557038614718614
min415,male,5.743159855072464
min416,female,7.387751406926407
min416,male,5.808070289855072
min417,female,7.645850995670996
min417,male,5.868912857142857
min418,female,7.656463658008658
min418,male,5.835459958592132
min419,female,7.791525844155844
min419,male,5.940620952380953
min42,female,2.9003619696969696
min42,male,3.6465374120082816
min420,female,8.165595432900433
min420,male,6.151451242236025
min421,female,8.0937108008658
min421,male,6.6557509937888195
min422,female,7.999564761904762
min422,male,6.244027598343686
min423,female,7.865880476190476
min423,male,6.240804099378882
min424,female,8.329986904761904
min424,male,6.098897329192547
min425,female,7.967000779220779
min425,male,6.669620517598344
min426,female,8.147633506493506
min426,male,6.616722463768116
min427,female,8.045886125541125
min427,male,6.814353706004141
min428,female,7.96217367965368
min428,male,7.08380917184265
min429,female,8.08329883116883
min429,male,6.643014430641822
min43,female,2.9029564718614718
min43,male,3.575590579710145
min430,female,8.28205225108225
min430,male,6.926729958592133
min431,female,8.548201818181818
min431,male,7.150219026915114
min432,female,8.635211038961039
min432,male,6.593994575569358
min433,female,9.09918880952381
min433,male,6.732285734989648
min434,female,8.373107186147186
min434,male,6.895374679089027
min435,female,8.817469956709957
min435,male,6.870569440993789
min436,female,8.72745658008658
min436,male,7.1938696894409935
min437,female,9.144800670995672
min437,male,7.2791461076604556
min438,female,8.983580432900434
min438,male,7.617130973084886
min439,female,9.235990995670996
min439,male,7.514534741200828
min44,female,2.8025136363636363
min44,male,3.535870807453416
min440,female,8.95314645021645
min440,male,7.3016188198757765
min441,female,9.06842287878788
min441,male,7.647537204968944
min442,female,8.574476255411255
min442,male,7.529009523809524
min443,female,9.036249891774892
min443,male,8.063580683229814
min444,female,9.103344134199133
min444,male,8.342107204968944
min445,female,8.915129415584415
min445,male,8.080165590062112
min446,female,8.888905844155845
min446,male,8.06124099378882
min447,female,9.292793722943722
min447,male,8.078660538302277
min448,female,9.309972792207793
min448,male,8.402025010351966
min449,female,9.178297965367966
min449,male,8.312157929606625
min45,female,2.5835465800865802
min45,male,3.3859522360248446
min450,female,9.478402922077922
min450,male,8.020133913043479
min451,female,9.728732554112554
min451,male,8.26284585921325
min452,female,9.6012929004329
min452,male,8.552449275362319
min453,female,9.465109242424242
min453,male,8.453985383022774
min454,female,9.418322597402597
min454,male,8.50912977225673
min455,female,9.772536991341992
min455,male,8.147449544513458
min456,female,9.829102142857144
min456,male,8.9346949068322985
min457,female,10.203690173160172
min457,male,8.346614782608695
min458,female,10.417532034632034
min458,male,8.371802629399586
min459,female,10.497562987012987
min459,male,8.172093623188406
min46,female,2.799353354978355
min46,male,3.2402485714285714
min460,female,9.903896818181819
min460,male,8.254513126293997
min461,female,10.223630303030303
min461,male,8.256764057971015
min462,female,10.531458506493507
min462,male,8.579704554865424
min463,female,10.424837770562771
min463,male,8.541630103519669
min464,female,10.353421645021646
min464,male,8.367799461697723
min465,female,10.329884177489177
min465,male,8.599473333333334
min466,female,10.188930108225108
min466,male,8.720880269151138
min467,female,10.700850865800867
min467,male,8.760961677018633
min468,female,9.901823311688311
min468,male,8.930806418219461
min469,female,9.723173051948052
min469,male,9.220147474120083
min47,female,2.755940909090909
min47,male,3.418151449275362
min470,female,10.01957683982684
min470,male,9.022773291925466
min471,female,10.527590844155844
min471,male,9.20420745341615
min472,female,10.280685562770563
min472,male,9.029603519668736
min473,female,10.733772965367965
min473,male,9.19615347826087
min474,female,10.53769722943723
min474,male,8.90124977225673
min475,female,10.522308008658008
min475,male,8.743283002070394
min476,female,10.716933484848484
min476,male,9.315269648033127
min477,female,10.43947658008658
min477,male,9.364023354037267
min478,female,10.308242813852814
min478,male,9.352003995859214
min479,female,10.548906991341992
min479,male,9.080925569358179
min48,female,2.6742063852813853
min48,male,3.1326674948240165
min480,female,10.605542294372295
min480,male,9.173236521739131
min481,female,10.731681623376623
min481,male,9.860168198757764
min482,female,10.606206688311689
min482,male,9.464479565217392
min483,female,11.060952402597403
min483,male,9.287358115942029
min484,female,11.35271974025974
min484,male,9.788741035196688
min485,female,10.959707294372294
min485,male,9.680473229813664
min486,female,10.9270837012987
min486,male,9.354674161490683
min487,female,10.900435822510822
min487,male,9.248015113871636
min488,female,11.345947857142857
min488,male,9.52800939958592
min489,female,11.027620476190476
min489,male,9.401041325051759
min49,female,2.7103095887445887
min49,male,3.4427722360248447
min490,female,11.05857683982684
min490,male,9.929966811594204
min491,female,10.53048816017316
min491,male,9.164297805383022
min492,female,11.06109683982684
min492,male,9.636138819875777
min493,female,11.596402554112554
min493,male,9.70813066252588
min494,female,11.426046168831169
min494,male,9.88778801242236
min495,female,11.54931880952381
min495,male,9.504790745341614
min496,female,11.639064025974026
min496,male,9.329015320910973
min497,female,11.50787012987013
min497,male,9.498660910973085
min498,female,11.24913906926407
min498,male,9.361526107660456
min499,female,10.791766255411256
min499,male,9.736714844720497
min5,female,3.809657316017316
min5,male,4.44191115942029
min50,female,2.798796883116883
min50,male,3.2859357763975154
min500,female,11.163205432900433
min500,male,9.829239979296066
min501,female,11.180202337662339
min501,male,10.541538861283644
min502,female,11.555360476190476
min502,male,10.68951175983437
min503,female,11.34670590909091
min503,male,10.360126376811595
min504,female,11.729232575757576
min504,male,10.109523209109732
min505,female,11.789301038961039
min505,male,10.186467660455486
min506,female,11.714153766233766
min506,male,10.61525652173913
min507,female,11.47919816017316
min507,male,10.251571739130435
min508,female,11.735722164502164
min508,male,10.484569109730849
min509,female,11.672372077922079
min509,male,10.36593536231884
min51,female,3.009665800865801
min51,male,3.4267945341614907
min510,female,12.0112562987013
min510,male,10.620141635610766
min511,female,12.282915173160173
min511,male,11.12171275362319
min512,female,12.042092445887446
min512,male,11.014235797101449
min513,female,12.499278225108226
min513,male,11.217549399585922
min514,female,12.305081515151516
min514,male,10.523529151138716
min515,female,12.43434800865801
min515,male,10.537063602484473
min516,female,12.660776082251083
min516,male,10.115560931677019
min517,female,12.372775606060607
min517,male,10.01318745341615
min518,female,12.383500909090909
min518,male,10.071428157349896
min519,female,13.078426168831168
min519,male,10.386222111801242
min52,female,2.6297110173160174
min52,male,3.4312673291925466
min520,female,12.557608506493507
min520,male,10.647540269151138
min521,female,12.638829155844157
min521,male,10.80231314699793
min522,female,12.44312051948052
min522,male,10.696752215320911
min523,female,12.735290606060605
min523,male,10.36060701863354
min524,female,12.464803874458875
min524,male,10.62820049689441
min525,female,12.620067683982684
min525,male,10.871181180124223
min526,female,12.435097705627706
min526,male,10.646049751552795
min527,female,12.717944978354979
min527,male,10.887848053830227
min528,female,12.534054415584416
min528,male,10.608638985507246
min529,female,12.932912662337662
min529,male,10.158511138716356
min53,female,2.626758982683983
min53,male,3.6701778053830227
min530,female,12.703324242424243
min530,male,10.49725238095238
min531,female,13.341043636363636
min531,male,10.63013093167702
min532,female,13.097450216450216
min532,male,10.32835182194617
min533,female,13.081093160173161
min533,male,10.710853685300206
min534,female,13.092343181818181
min534,male,10.48997258799172
min535,female,13.17633512987013
min535,male,10.907811718426501
min536,female,13.111738441558442
min536,male,11.138601925465839
min537,female,13.514822532467532
min537,male,10.572746542443065
min538,female,13.449812857142858
min538,male,10.626635403726707
min539,female,13.5170337012987
min539,male,10.600246418219461
min54,female,2.797517943722944
min54,male,3.831409192546584
min540,female,13.187525281385282
min540,male,10.552354554865424
min541,female,13.564799329004328
min541,male,11.224693933747412
min542,female,13.684007424242424
min542,male,11.056540745341614
min543,female,13.740492186147186
min543,male,11.339874554865425
min544,female,13.892888852813853
min544,male,11.179070269151138
min545,female,13.450360757575758
min545,male,10.99570877846791
min546,female,13.569097792207792
min546,male,11.410974658385094
min547,female,13.676588636363636
min547,male,11.136570952380952
min548,female,14.033229134199134
min548,male,11.696837908902692
min549,female,14.141068722943723
min549,male,11.450633271221532
min55,female,2.729592012987013
min55,male,3.897001966873706
min550,female,14.057917467532468
min550,male,11.299895300207039
min551,female,13.547879913419914
min551,male,10.69232221532091
min552,female,13.18828735930736
min552,male,11.144503747412008
min553,female,13.244876601731601
min553,male,11.458096086956521
min554,female,12.98898619047619
min554,male,11.601273830227743
min555,female,13.345836406926407
min555,male,11.87210519668737
min556,female,13.437269307359307
min556,male,11.720380414078676
min557,female,13.951171406926408
min557,male,11.504756956521739
min558,female,13.667002012987012
min558,male,11.657537370600414
min559,female,13.651645367965369
min559,male,11.797303706004142
min56,female,2.6001590043290044
min56,male,3.6090116977225675
min560,female,13.400993398268398
min560,male,11.520998716356107
min561,female,13.124297619047619
min561,male,11.591376418219461
min562,female,13.383844047619048
min562,male,11.921039378881988
min563,female,13.529561406926407
min563,male,11.893087204968944
min564,female,13.526366363636363
min564,male,11.381419813664596
min565,female,13.145801406926406
min565,male,11.324400538302278
min566,female,13.082894696969698
min566,male,11.55380016563147
min567,female,13.382869913419913
min567,male,11.391618322981365
min568,female,13.656830974025974
min568,male,12.158654824016564
min569,female,13.709128311688312
min569,male,12.046233188405797
min57,female,2.611334567099567
min57,male,3.504668281573499
min570,female,13.87452551948052
min570,male,11.60811
min571,female,13.386283398268398
min571,male,11.848998157349897
min572,female,13.425238614718614
min572,male,12.107968157349896
min573,female,13.836816103896105
min573,male,11.87620022774327
min574,female,13.180459264069263
min574,male,12.145550579710145
min575,female,13.02449735930736
min575,male,11.812101677018633
min576,female,13.089694805194805
min576,male,11.451841946169772
min577,female,13.015189545454545
min577,male,11.378715238095237
min578,female,13.525195346320347
min578,male,11.579277287784679
min579,female,13.62763251082251
min579,male,11.457838364389234
min58,female,2.4990939393939393
min58,male,3.563856563146998
min580,female,14.228902554112555
min580,male,11.8084517184265
min581,female,13.81590025974026
min581,male,11.764925714285715
min582,female,14.05807067099567
min582,male,11.789397826086956
min583,female,14.107127012987013
min583,male,11.62417132505176
min584,female,13.980993268398269
min584,male,11.735209855072464
min585,female,13.928870865800866
min585,male,12.013254596273292
min586,female,13.869973268398269
min586,male,12.308439585921326
min587,female,14.316802489177489
min587,male,12.099430807453416
min588,female,14.012539372294372
min588,male,12.277578364389234
min589,female,14.344055497835498
min589,male,12.061019151138716
min59,female,2.4638388744588746
min59,male,3.5041373291925466
min590,female,14.130733809523809
min590,male,12.077914347826088
min591,female,13.953920541125541
min591,male,12.544703602484471
min592,female,14.341256471861472
min592,male,12.278196438923395
min593,female,13.467361147186146
min593,male,11.662988695652174
min594,female,13.37718106060606
min594,male,12.232914430641822
min595,female,13.029404805194805
min595,male,11.827510020703935
min596,female,12.924831883116884
min596,male,11.870516314699794
min597,female,13.735452272727272
min597,male,11.603891946169773
min598,female,13.821340735930736
min598,male,11.804415879917185
min599,female,13.390786103896104
min599,male,11.880308281573498
min6,female,4.1583573593073595
min6,male,4.246170476190477
min60,female,2.494556147186147
min60,male,3.434360745341615
min600,female,13.391334978354978
min600,male,11.964249213250518
min601,female,13.437016233766235
min601,male,11.672140082815735
min602,female,13.574002922077922
min602,male,12.038276687370601
min603,female,13.34135606060606
min603,male,11.866144803312629
min604,female,13.456771363636364
min604,male,11.991597391304348
min605,female,13.221271017316017
min605,male,11.988875217391303
min606,female,13.308308744588745
min606,male,11.846412732919255
min607,female,13.590724025974026
min607,male,11.705357639751552
min608,female,13.284363744588745
min608,male,11.79987890269151
min609,female,13.140081168831168
min609,male,11.927296832298136
min61,female,2.6897892857142858
min61,male,3.4186349689440996
min610,female,12.819573463203463
min610,male,11.8935150310559
min611,female,13.03293987012987
min611,male,11.876569254658385
min612,female,13.348740692640693
min612,male,11.48939530020704
min613,female,12.868162337662337
min613,male,11.774869233954451
min614,female,13.326118246753246
min614,male,11.572338881987578
min615,female,13.186194415584415
min615,male,11.645586107660456
min616,female,12.998251017316017
min616,male,12.163196501035197
min617,female,13.082446558441559
min617,male,11.736554699792961
min618,female,12.944558463203464
min618,male,11.8383216563147
min619,female,13.334306406926407
min619,male,11.62263867494824
min62,female,2.648027792207792
min62,male,3.2334724844720495
min620,female,13.167934437229437
min620,male,11.787446935817805
min621,female,13.187791125541125
min621,male,11.904575962732919
min622,female,13.480608333333333
min622,male,11.796155424430642
min623,female,13.73608142857143
min623,male,12.103592173913043
min624,female,13.600861883116883
min624,male,12.055954761904761
min625,female,14.016911168831168
min625,male,12.077811262939958
min626,female,14.339205865800865
min626,male,11.736372567287784
min627,female,14.272180346320347
min627,male,12.02547175983437
min628,female,14.075517640692642
min628,male,12.23652983436853
min629,female,14.297333441558441
min629,male,12.56136033126294
min63,female,2.495190562770563
min63,male,3.395986563146998
min630,female,14.377015043290044
min630,male,12.016563395445134
min631,female,14.374357186147186
min631,male,12.324451594202898
min632,female,14.630073225108225
min632,male,12.144957722567288
min633,female,14.419148982683982
min633,male,12.333864575569358
min634,female,13.803339653679654
min634,male,12.340677204968944
min635,female,13.768176168831168
min635,male,12.442261097308489
min636,female,14.035124891774892
min636,male,12.604613022774327
min637,female,13.916097770562772
min637,male,12.423074244306418
min638,female,13.785274025974026
min638,male,12.069272546583852
min639,female,14.289513354978356
min639,male,12.613269254658386
min64,female,2.6372232683982686
min64,male,3.3951123395445135
min640,female,14.032055670995671
min640,male,12.81346033126294
min641,female,14.207195584415585
min641,male,12.432175507246377
min642,female,14.526795064935065
min642,male,12.948689565217391
min643,female,13.911673939393939
min643,male,12.679877163561077
min644,female,14.462944004329005
min644,male,13.024546376811594
min645,female,13.892488116883117
min645,male,12.979844658385094
min646,female,14.03595658008658
min646,male,12.747723623188406
min647,female,13.940797727272727
min647,male,12.579416956521738
min648,female,14.307570043290044
min648,male,13.136332836438923
min649,female,13.447040043290043
min649,male,13.749517329192546
min65,female,2.3755607142857142
min65,male,3.461896086956522
min650,female,13.698028874458874
min650,male,13.329496045548654
min651,female,13.791320887445888
min651,male,13.270337929606626
min652,female,13.559511233766234
min652,male,13.326674886128364
min653,female,13.868080822510823
min653,male,13.06393585921325
min654,female,14.326746731601732
min654,male,13.330274140786749
min655,female,14.372468896103896
min655,male,13.059643084886128
min656,female,14.000727294372295
min656,male,12.837304409937888
min657,female,13.818409783549784
min657,male,12.67574652173913
min658,female,14.13299670995671
min658,male,12.638952629399586
min659,female,13.854158441558441
min659,male,12.941009026915113
min66,female,2.6420667316017314
min66,male,3.28826215320911
min660,female,14.242710541125541
min660,male,12.599839544513458
min661,female,14.082480606060606
min661,male,12.797573788819875
min662,female,14.212438701298701
min662,male,13.226233850931678
min663,female,14.004903744588745
min663,male,12.704145900621118
min664,female,14.029131255411256
min664,male,12.815172774327122
min665,female,13.858402878787878
min665,male,12.78601585921325
min666,female,13.71754564935065
min666,male,12.750299958592132
min667,female,13.762663571428572
min667,male,12.675641532091097
min668,female,13.790990757575758
min668,male,13.065814989648032
min669,female,13.84617974025974
min669,male,13.114053333333333
min67,female,2.721246818181818
min67,male,3.195994782608696
min670,female,14.385046666666666
min670,male,13.116484182194617
min671,female,14.086114025974027
min671,male,13.336724492753623
min672,female,14.392906731601732
min672,male,13.108979979296066
min673,female,14.000361926406926
min673,male,12.850472215320911
min674,female,13.834873376623376
min674,male,12.736246149068323
min675,female,14.096054632034631
min675,male,12.569838737060042
min676,female,13.592036948051948
min676,male,13.188638902691512
min677,female,13.415675216450216
min677,male,13.145965320910973
min678,female,13.659831471861471
min678,male,12.846704596273291
min679,female,13.329236038961039
min679,male,12.582687225672878
min68,female,2.664441298701299
min68,male,3.068505258799172
min680,female,13.50395409090909
min680,male,12.672751138716356
min681,female,14.228482164502164
min681,male,12.92713685300207
min682,female,13.952182813852813
min682,male,13.375423561076605
min683,female,13.692584307359308
min683,male,12.977712587991718
min684,female,13.789955238095239
min684,male,12.597131821946169
min685,female,13.881120649350649
min685,male,12.675045155279504
min686,female,14.314011666666667
min686,male,13.099791573498965
min687,female,14.296211818181819
min687,male,13.205363788819875
min688,female,14.072730952380953
min688,male,12.866542608695653
min689,female,14.041053831168831
min689,male,12.730742774327123
min69,female,2.854795173160173
min69,male,3.2005704761904763
min690,female,14.384547445887446
min690,male,12.546327577639751
min691,female,13.789306017316017
min691,male,13.405394596273291
min692,female,13.718134523809525
min692,male,12.719586563146997
min693,female,13.176106406926408
min693,male,12.401752732919254
min694,female,13.317213073593074
min694,male,12.33530055900621
min695,female,13.52782274891775
min695,male,12.860510724637681
min696,female,13.888592164502164
min696,male,12.763969254658385
min697,female,13.961051038961038
min697,male,12.503243602484472
min698,female,14.164755995670996
min698,male,12.889738157349896
min699,female,13.558290216450217
min699,male,12.481627639751553
min7,female,4.02914132034632
min7,male,4.616344782608696
min70,female,2.566722510822511
min70,male,3.1324578881987577
min700,female,13.5546662987013
min700,male,13.06222734989648
min701,female,13.484325692640693
min701,male,12.997966066252589
min702,female,13.555622575757576
min702,male,12.819768964803313
min703,female,13.867187142857142
min703,male,12.768985383022775
min704,female,13.5368929004329
min704,male,13.030703519668737
min705,female,13.868513852813853
min705,male,13.055391677018633
min706,female,13.437165714285713
min706,male,13.333698861283644
min707,female,14.099727532467533
min707,male,13.661093830227744
min708,female,14.429209177489177
min708,male,13.228857267080745
min709,female,14.482480238095238
min709,male,13.262102401656314
min71,female,2.400878593073593
min71,male,3.1422826708074534
min710,female,14.584482337662337
min710,male,13.565004244306419
min711,female,14.644586471861471
min711,male,13.202058302277432
min712,female,14.20517816017316
min712,male,13.427214244306418
min713,female,14.642048593073593
min713,male,13.149788488612836
min714,female,14.349191471861472
min714,male,13.550878467908902
min715,female,14.079644047619047
min715,male,13.473449151138716
min716,female,14.443441493506494
min716,male,13.321407370600413
min717,female,14.454794415584416
min717,male,13.644901262939959
min718,female,14.234417272727272
min718,male,13.033216293995858
min719,female,14.22713145021645
min719,male,13.14668115942029
min72,female,2.5227188528138527
min72,male,3.3358583850931676
min720,female,14.401638939393939
min720,male,12.959775383022775
min721,female,14.672727943722943
min721,male,13.166032919254658
min722,female,14.090945324675324
min722,male,13.151494720496894
min723,female,14.390834523809524
min723,male,13.284284285714286
min724,female,14.456208744588745
min724,male,12.967479440993788
min725,female,14.687392878787879
min725,male,12.815016252587991
min726,female,14.160878246753247
min726,male,12.600809089026916
min727,female,13.922398268398268
min727,male,13.029266376811593
min728,female,14.085536082251082
min728,male,13.3987066873706
min729,female,14.454783441558442
min729,male,13.154906211180124
min73,female,2.5022988311688312
min73,male,3.2068918633540373
min730,female,14.06774590909091
min730,male,12.597441387163562
min731,female,13.819752965367966
min731,male,13.155599378881988
min732,female,13.923966212121211
min732,male,13.30178221532091
min733,female,13.785066125541125
min733,male,13.030892008281574
min734,female,14.406481753246753
min734,male,13.04941155279503
min735,female,14.260087770562771
min735,male,12.81282695652174
min736,female,14.338197532467532
min736,male,12.959725072463767
min737,female,14.080142467532468
min737,male,12.676488198757763
min738,female,14.026626796536796
min738,male,12.846359917184264
min739,female,13.842261298701299
min739,male,12.998495093167701
min74,female,2.426365303030303
min74,male,2.843771469979296
min740,female,13.77488158008658
min740,male,12.992132608695652
min741,female,13.78650329004329
min741,male,13.019413188405798
min742,female,14.139593636363637
min742,male,13.060528550724637
min743,female,14.295367813852813
min743,male,13.442267971014493
min744,female,14.127743831168832
min744,male,12.944229544513458
min745,female,13.892886666666666
min745,male,12.727199192546584
min746,female,14.280856666666667
min746,male,12.890343933747411
min747,female,14.104642077922078
min747,male,12.769553871635612
min748,female,14.197624913419913
min748,male,12.638825093167702
min749,female,13.999368961038961
min749,male,12.70964619047619
min75,female,2.2621300216450217
min75,male,3.2050232298136647
min750,female,13.99009735930736
min750,male,13.135392774327123
min751,female,13.986733116883117
min751,male,12.825739917184265
min752,female,13.916866017316018
min752,male,13.020208633540372
min753,female,13.935308398268399
min753,male,13.014970186335404
min754,female,13.975688484848485
min754,male,12.89751734989648
min755,female,14.378951298701299
min755,male,13.109631635610766
min756,female,14.113309956709957
min756,male,12.963825921325052
min757,female,14.329682857142856
min757,male,13.581939585921326
min758,female,14.202312792207792
min758,male,13.196463064182195
min759,female,13.351686493506493
min759,male,13.296679089026915
min76,female,2.278107424242424
min76,male,2.813176563146998
min760,female,13.664646125541125
min760,male,13.313390020703935
min761,female,13.442274134199135
min761,male,13.237528157349896
min762,female,13.975228961038962
min762,male,13.613476666666667
min763,female,13.676421774891775
min763,male,13.063132691511386
min764,female,13.41625448051948
min764,male,12.773713892339545
min765,female,13.565965692640692
min765,male,12.601696314699794
min766,female,13.475498354978354
min766,male,13.31227204968944
min767,female,13.516459047619048
min767,male,13.50587652173913
min768,female,13.34405287878788
min768,male,13.22335778467909
min769,female,13.996201558441559
min769,male,13.087885610766046
min77,female,2.465153116883117
min77,male,2.730300890269151
min770,female,13.696614761904762
min770,male,13.032785817805383
min771,female,13.79773803030303
min771,male,13.231646501035197
min772,female,14.347851601731602
min772,male,12.723675527950311
min773,female,14.435605757575757
min773,male,12.855976708074534
min774,female,14.234373354978356
min774,male,12.696738281573499
min775,female,14.451984956709957
min775,male,12.999245610766046
min776,female,14.3905862987013
min776,male,12.624252525879918
min777,female,14.529399632034632
min777,male,12.690018053830228
min778,female,14.68815316017316
min778,male,13.126769358178054
min779,female,14.422585108225109
min779,male,12.786693374741201
min78,female,2.4064897186147185
min78,male,2.9346499585921326
min780,female,14.565208852813853
min780,male,12.951489668737059
min781,female,14.175481774891775
min781,male,13.240368985507246
min782,female,14.77664961038961
min782,male,13.091862857142857
min783,female,14.575941753246752
min783,male,13.225452587991718
min784,female,14.0833429004329
min784,male,13.083014658385093
min785,female,14.041779285714286
min785,male,12.937995486542443
min786,female,14.463524264069264
min786,male,13.21932347826087
min787,female,14.02304064935065
min787,male,13.210078157349896
min788,female,14.121035476190476
min788,male,12.8877584057971
min789,female,13.964881558441558
min789,male,13.041755734989648
min79,female,2.1724224675324675
min79,male,3.120959523809524
min790,female,13.995325476190477
min790,male,12.775942732919255
min791,female,13.737199502164502
min791,male,13.219045859213251
min792,female,14.13332474025974
min792,male,12.931896149068322
min793,female,14.60180432900433
min793,male,12.59082652173913
min794,female,14.351905086580087
min794,male,12.766271966873706
min795,female,14.335176103896105
min795,male,12.700693188405797
min796,female,14.060200476190476
min796,male,13.012731759834368
min797,female,13.891365303030303
min797,male,12.295962463768117
min798,female,13.783822705627706
min798,male,12.9986333126294
min799,female,13.550390043290044
min799,male,12.893631283643892
min8,female,4.068135432900433
min8,male,4.79291033126294
min80,female,2.1141927056277057
min80,male,3.073702691511387
min800,female,13.66385145021645
min800,male,12.301961739130435
min801,female,13.598522142857142
min801,male,12.758226645962733
min802,female,13.715179307359307
min802,male,12.500502774327122
min803,female,13.452874848484848
min803,male,12.649417412008281
min804,female,13.987593138528139
min804,male,13.062246314699793
min805,female,13.763318787878788
min805,male,12.746387888198758
min806,female,13.929999761904762
min806,male,12.52492579710145
min807,female,13.783843528138528
min807,male,12.64198774327122
min808,female,13.682944588744588
min808,male,12.718806935817804
min809,female,13.361727445887446
min809,male,12.669475486542442
min81,female,1.9965075324675325
min81,male,2.802951532091097
min810,female,13.863470259740259
min810,male,12.334486749482402
min811,female,14.107160757575757
min811,male,12.554560144927537
min812,female,13.652872532467532
min812,male,12.526890910973085
min813,female,13.8755058008658
min813,male,12.898091366459628
min814,female,13.748526017316017
min814,male,12.526336169772257
min815,female,13.892647034632034
min815,male,12.453333581780537
min816,female,13.556614848484848
min816,male,12.574613892339544
min817,female,13.952150822510822
min817,male,12.624043933747412
min818,female,13.705876991341992
min818,male,12.942985010351967
min819,female,13.585275411255411
min819,male,12.563285921325052
min82,female,2.069160844155844
min82,male,2.8779353830227743
min820,female,13.539320844155844
min820,male,12.807922339544513
min821,female,13.959393593073592
min821,male,12.708263105590062
min822,female,14.046360086580087
min822,male,12.60872824016563
min823,female,13.416343333333334
min823,male,12.775849751552794
min824,female,14.193054761904762
min824,male,12.637090289855072
min825,female,13.73185341991342
min825,male,12.680826563146997
min826,female,13.616258614718614
min826,male,13.15251966873706
min827,female,13.065518441558442
min827,male,12.841492629399585
min828,female,13.153225454545455
min828,male,12.156801469979296
min829,female,13.209489848484848
min829,male,12.89639066252588
min83,female,1.9169850649350648
min83,male,3.000524761904762
min830,female,13.949499112554113
min830,male,12.687543333333334
min831,female,13.979411904761905
min831,male,13.165175672877847
min832,female,14.082946818181819
min832,male,13.06507685300207
min833,female,14.08812564935065
min833,male,12.89825966873706
min834,female,13.791985086580086
min834,male,12.871300703933748
min835,female,13.768549545454546
min835,male,12.89206182194617
min836,female,13.810506471861473
min836,male,12.596817701863355
min837,female,13.150690454545455
min837,male,12.817260082815736
min838,female,13.502462532467533
min838,male,12.948047287784679
min839,female,13.624281753246754
min839,male,12.625137204968944
min84,female,2.318371601731602
min84,male,3.104191014492754
min840,female,13.856718787878789
min840,male,12.856792981366459
min841,female,13.637717835497837
min841,male,13.025078633540373
min842,female,13.24209854978355
min842,male,13.009413188405798
min843,female,13.517896731601732
min843,male,12.699466645962733
min844,female,13.337775476190476
min844,male,13.08765115942029
min845,female,13.661813636363636
min845,male,13.409313022774327
min846,female,14.36151826839827
min846,male,13.382330351966873
min847,female,13.584035043290044
min847,male,13.202738447204968
min848,female,13.5763458008658
min848,male,13.15293569358178
min849,female,13.678484393939394
min849,male,13.091241801242235
min85,female,2.3655100865800867
min85,male,2.962360973084886
min850,female,13.273832272727272
min850,male,13.312208923395445
min851,female,13.490744956709957
min851,male,13.004879813664596
min852,female,14.069104653679654
min852,male,13.035635424430641
min853,female,13.86432471861472
min853,male,12.380438260869566
min854,female,13.635697683982684
min854,male,12.23899198757764
min855,female,13.773476558441558
min855,male,11.911680186335404
min856,female,14.025760021645022
min856,male,11.589602939958592
min857,female,13.848014761904762
min857,male,11.85226457556936
min858,female,14.269342164502165
min858,male,12.012868033126294
min859,female,14.146972943722943
min859,male,12.326310310559006
min86,female,2.2726744588744587
min86,male,2.9215001242236025
min860,female,13.587820432900433
min860,male,12.278705797101448
min861,female,13.363560324675325
min861,male,11.893405942028986
min862,female,13.588967575757575
min862,male,11.957414927536233
min863,female,13.69464093073593
min863,male,11.905102567287784
min864,female,13.631265281385282
min864,male,12.107869875776398
min865,female,13.988874891774891
min865,male,12.242685755693582
min866,female,14.073094480519481
min866,male,11.579507204968944
min867,female,14.207109393939394
min867,male,11.79021890269151
min868,female,14.180179242424243
min868,male,12.384867826086957
min869,female,13.940637597402597
min869,male,12.350017701863354
min87,female,2.1610088961038962
min87,male,2.6876185921325053
min870,female,13.6692512987013
min870,male,12.334721573498964
min871,female,13.955490844155843
min871,male,12.167586645962732
min872,female,13.914206428571429
min872,male,11.914730703933747
min873,female,13.7707779004329
min873,male,12.16452701863354
min874,female,13.219471212121212
min874,male,12.347677391304348
min875,female,12.654341298701299
min875,male,12.66980917184265
min876,female,13.336447142857143
min876,male,12.369345258799171
min877,female,13.370483744588745
min877,male,11.835662111801241
min878,female,13.233631406926406
min878,male,12.386248447204968
min879,female,13.211797922077922
min879,male,12.52197182194617
min88,female,2.3032204545454547
min88,male,2.814779109730849
min880,female,13.006742445887447
min880,male,12.012294451345756
min881,female,12.981722186147186
min881,male,11.843639813664597
min882,female,12.974054502164503
min882,male,11.632541904761904
min883,female,13.209265367965369
min883,male,12.075042505175983
min884,female,13.101706666666667
min884,male,12.190105424430643
min885,female,13.209344264069264
min885,male,12.757616708074535
min886,female,13.281418246753248
min886,male,12.672469358178054
min887,female,12.94149
min887,male,12.808429544513457
min888,female,12.954237251082251
min888,male,12.701598550724638
min889,female,13.361719285714285
min889,male,12.566791345755693
min89,female,2.2537090043290045
min89,male,2.6398987991718426
min890,female,13.415889199134199
min890,male,12.693413354037267
min891,female,13.535899329004328
min891,male,12.882996770186335
min892,female,13.99165974025974
min892,male,12.789886997929607
min893,female,13.73754077922078
min893,male,13.281966459627329
min894,female,13.19600893939394
min894,male,13.091604099378882
min895,female,13.778160281385281
min895,male,12.874821780538301
min896,female,13.750526601731602
min896,male,12.825544244306418
min897,female,13.668566861471861
min897,male,12.661914989648034
min898,female,13.950410497835499
min898,male,12.995716045548654
min899,female,13.891207142857143
min899,male,12.531328219461697
min9,female,3.6228040476190477
min9,male,4.642556314699793
min90,female,2.2148733116883115
min90,male,2.713608592132505
min900,female,13.984252727272727
min900,male,12.724392215320911
min901,female,13.78776816017316
min901,male,12.650771076604554
min902,female,13.352007575757575
min902,male,13.071059399585922
min903,female,13.236331796536797
min903,male,12.581859316770187
min904,female,13.180294155844155
min904,male,12.143073229813664
min905,female,13.260109567099567
min905,male,12.152675672877846
min906,female,13.254112467532467
min906,male,12.3062766873706
min907,female,13.244165865800866
min907,male,11.876855672877847
min908,female,13.331703463203464
min908,male,11.835449089026914
min909,female,13.074941926406927
min909,male,12.122843291925467
min91,female,2.3637843073593072
min91,male,2.8266736438923394
min910,female,13.259782316017317
min910,male,11.926793291925465
min911,female,13.45239354978355
min911,male,12.53773364389234
min912,female,13.528626255411256
min912,male,11.925086542443065
min913,female,13.66035487012987
min913,male,11.797299275362318
min914,female,13.765622987012987
min914,male,11.669300517598344
min915,female,13.563594264069264
min915,male,11.418178385093167
min916,female,14.19022448051948
min916,male,11.515346873706005
min917,female,14.30141316017316
min917,male,11.619437370600414
min918,female,14.06489090909091
min918,male,11.564612981366459
min919,female,13.294372813852814
min919,male,12.024628799171843
min92,female,2.2493821645021645
min92,male,2.769802236024845
min920,female,13.314574112554112
min920,male,11.882895279503105
min921,female,13.36862803030303
min921,male,12.028522360248447
min922,female,13.350163614718614
min922,male,12.147094389233954
min923,female,13.580998268398268
min923,male,12.248248881987578
min924,female,13.465567077922078
min924,male,12.035510372670808
min925,female,13.289654913419914
min925,male,12.418443498964804
min926,female,13.126037597402597
min926,male,11.95342966873706
min927,female,13.562280324675324
min927,male,12.073322132505176
min928,female,13.552682142857144
min928,male,11.52995536231884
min929,female,13.242027683982684
min929,male,11.971525652173913
min93,female,2.1373096536796536
min93,male,2.742746894409938
min930,female,13.36989106060606
min930,male,12.004925527950311
min931,female,13.471324783549784
min931,male,11.977110310559006
min932,female,13.35828803030303
min932,male,12.106970641821945
min933,female,13.404577987012987
min933,male,11.911870082815735
min934,female,13.16596803030303
min934,male,11.704159772256729
min935,female,13.79381541125541
min935,male,12.009871739130435
min936,female,13.73792512987013
min936,male,11.966489751552794
min937,female,13.735030346320347
min937,male,12.076624409937889
min938,female,13.62335038961039
min938,male,11.846088923395445
min939,female,13.60404632034632
min939,male,11.827708633540373
min94,female,2.131749264069264
min94,male,2.834593850931677
min940,female,12.936255476190476
min940,male,11.171991097308489
min941,female,13.245932056277056
min941,male,11.225089730848861
min942,female,13.692978701298701
min942,male,11.64506850931677
min943,female,13.232762575757576
min943,male,11.905881904761905
min944,female,12.78308393939394
min944,male,12.36011132505176
min945,female,13.447832164502165
min945,male,12.479524161490684
min946,female,13.287224004329005
min946,male,12.423294886128364
min947,female,13.565684177489178
min947,male,12.39476619047619
min948,female,13.249030822510823
min948,male,12.383945279503106
min949,female,13.050931147186148
min949,male,11.8861933747412
min95,female,2.1449206926406927
min95,male,2.678164182194617
min950,female,13.027735692640693
min950,male,11.908092960662525
min951,female,12.923014956709958
min951,male,12.046325362318841
min952,female,12.974116601731602
min952,male,12.336737701863354
min953,female,13.332588225108225
min953,male,12.331382546583852
min954,female,12.99602196969697
min954,male,12.29584817805383
min955,female,13.415970909090909
min955,male,11.924300041407868
min956,female,13.207302878787878
min956,male,12.32683966873706
min957,female,13.07699225108225
min957,male,12.410368881987578
min958,female,12.965016688311689
min958,male,12.34285016563147
min959,female,12.843767792207792
min959,male,12.404841242236024
min96,female,2.1700098051948054
min96,male,2.471495921325052
min960,female,12.954227662337662
min960,male,12.322832339544513
min961,female,13.105612965367966
min961,male,11.904187991718427
min962,female,13.237928203463204
min962,male,11.69732347826087
min963,female,13.839674437229437
min963,male,12.139727308488613
min964,female,13.709663484848486
min964,male,11.976315859213251
min965,female,13.101329285714286
min965,male,11.700041304347826
min966,female,13.79825264069264
min966,male,11.765119192546583
min967,female,13.247472770562771
min967,male,12.223240455486543
min968,female,13.05162922077922
min968,male,11.889242608695652
min969,female,13.320067121212121
min969,male,11.985528902691511
min97,female,2.2057433333333334
min97,male,2.686671097308489
min970,female,13.233278614718614
min970,male,12.06933867494824
min971,female,12.905787813852815
min971,male,11.87292387163561
min972,female,13.250289047619047
min972,male,11.736201407867494
min973,female,13.53118541125541
min973,male,12.140565879917185
min974,female,13.69988064935065
min974,male,12.413773913043478
min975,female,13.423292965367965
min975,male,12.203478881987577
min976,female,13.131948181818181
min976,male,11.764507080745341
min977,female,12.80091264069264
min977,male,11.40258370600414
min978,female,13.143400865800865
min978,male,11.467567888198758
min979,female,12.835701558441558
min979,male,11.14076513457557
min98,female,2.1215963852813853
min98,male,2.853183291925466
min980,female,13.21507261904762
min980,male,11.62510397515528
min981,female,12.940052121212121
min981,male,11.564652111801243
min982,female,13.259689458874458
min982,male,11.469769772256729
min983,female,13.13247632034632
min983,male,11.310318405797101
min984,female,13.241535822510823
min984,male,11.317331097308488
min985,female,13.075267467532468
min985,male,12.063733498964803
min986,female,13.338978441558442
min986,male,12.067929047619048
min987,female,13.67615893939394
min987,male,11.815432836438923
min988,female,13.73853357142857
min988,male,12.292537929606626
min989,female,13.773937510822511
min989,male,11.818751635610766
min99,female,2.0826789826839827
min99,male,2.7868134782608696
min990,female,13.72819132034632
min990,male,11.743334658385093
min991,female,13.81754867965368
min991,male,12.15231602484472
min992,female,13.291092337662338
min992,male,11.867616935817805
min993,female,13.35401251082251
min993,male,11.867029047619047
min994,female,13.185596493506493
min994,male,11.615465631469979
min995,female,13.024068073593073
min995,male,11.663535652173913
min996,female,12.96483222943723
min996,male,11.735412939958593
min997,female,12.709510822510822
min997,male,11.69708685300207
min998,female,13.176441060606061
min998,male,11.65295569358178
min999,female,13.16478170995671
min999,male,12.091916004140787
